Algorithm,2,10,50,100,200,300,400,500,600,700,800,900,1000,2000,3000,4000,5000,6000,7000,8000,9000,10000
Naive,0.621151,0.982744,12.032869,41.631754,122.074178,276.985402,448.521767,736.727215,1019.172538,1428.169215,1765.871156,2321.561425,2793.915124,10911.735813,24060.916729,42084.884693,68167.374112,97520.657584,130928.260668,171509.703986,210989.630464,256628.720363
Naive Std,1.064553,1.602026,5.752441,13.714090,27.073317,39.902843,63.045431,134.433892,129.425679,182.684763,183.107682,295.328322,306.625315,954.964364,1651.777318,1805.090629,4185.402511,4741.438432,6245.910779,11233.848809,8719.577264,4201.472026
Grid,3.379549,5.982493,5.486390,20.252690,37.723600,44.160350,47.679174,52.770025,53.718422,57.547578,58.562760,74.760814,96.329969,163.526897,232.507263,300.720538,363.099263,544.575066,621.044899,883.890319,1193.279218,1190.595596
Grid Std,2.149566,2.583393,3.848560,7.187948,11.233642,12.088387,11.696931,14.222866,16.125771,17.483952,22.639666,23.262737,17.705099,63.226785,92.563785,138.803924,159.099443,226.075908,318.768349,347.224971,321.045740,300.393264
KDTree,0.605938,0.974202,10.027718,21.612722,25.853273,42.814593,43.919405,48.393547,65.894613,90.639270,68.505422,117.661407,105.583403,186.426369,343.608628,417.597554,500.343743,566.211162,756.848834,964.358224,1098.144791,1070.064909
KDTree Std,0.666072,1.398583,4.073755,7.435111,6.116560,10.608922,16.666639,15.072652,12.875588,19.502324,21.731176,23.007839,25.832674,55.548147,80.520576,110.509506,143.281954,111.983457,171.861504,140.432636,208.974220,245.103385
Octree,0.682736,2.118749,16.846006,30.752500,51.917386,62.090349,92.865742,72.026029,126.585781,98.710924,135.094997,119.419738,176.468328,324.195205,446.710502,735.467921,661.656517,689.170362,1115.323886,1820.359370,2429.358334,1840.649759
Octree Std,0.455958,1.202284,5.723795,9.628887,12.526483,19.169513,19.778739,31.772905,29.359003,53.386241,48.785189,45.245132,34.265903,113.083181,237.248233,439.978948,450.293707,440.757929,737.424700,558.478391,509.885802,540.607297
BottomUp LBVH,0.628148,0.852736,1.614039,25.161799,25.850522,35.241132,55.514098,36.532208,32.234907,80.271111,59.251212,110.940867,81.713280,164.306962,299.664596,298.184397,521.626970,631.118463,996.958015,1083.892717,1105.865976,1302.111976
BottomUp LBVH Std,0.824448,1.175097,2.084747,7.557937,6.646729,10.051995,13.898908,15.961312,20.640589,22.802523,23.274635,34.356633,34.525724,75.207222,123.952464,189.014019,263.472435,433.297716,616.469901,682.822723,538.981697,536.091384
TopDown LBVH,0.659517,5.381705,1.844122,16.427149,20.900978,28.183731,35.045897,26.168192,36.413599,70.300579,77.565028,111.544938,84.918265,155.141263,458.213964,664.666038,560.794456,1211.693889,1420.673133,1870.479668,3971.158323,2355.053371
TopDown LBVH Std,0.967978,2.259762,2.527793,6.186344,7.673452,9.667948,12.543601,19.163971,28.126314,21.835106,26.618385,43.451024,54.862874,115.542520,229.789237,395.140675,523.346383,810.430950,1098.016475,1093.847721,1094.560007,1394.857319
SAH BVH,0.549605,0.866315,13.053241,17.416420,57.670435,107.610066,131.272738,205.751055,141.703803,239.213102,285.006232,468.812434,602.417926,1295.267197,2355.093655,5551.558997,11567.698977,15070.095850,14664.096876,24326.352382,37622.303396,48581.363516
SAH BVH Std,0.058262,0.995707,3.179373,7.636846,12.977535,15.128821,24.287013,30.579503,33.543133,61.786373,105.038508,65.136914,79.686719,936.366359,2326.526062,4061.884065,6086.484306,10635.630936,13203.813757,21897.158884,17150.962900,25883.019604
Hybrid BVH,0.590172,5.064693,2.192732,13.368966,26.081356,31.803404,53.028257,35.143726,54.860022,76.524180,78.278426,131.755738,75.098866,142.673039,273.823382,295.513190,407.862748,713.025745,1036.982496,1303.273601,1013.297090,960.075530
Hybrid BVH Std,0.746100,2.274313,3.247434,4.415022,6.783588,9.781170,14.193241,17.151466,22.945695,21.033100,23.221754,25.938942,28.164399,75.028803,128.857848,185.792647,255.534250,408.371037,477.638851,524.626011,490.967912,680.383772
